Station;174 Frankfurter Allee;174 Frankfurter Allee;174 Frankfurter Allee;174 Frankfurter Allee;174 Frankfurter Allee;174 Frankfurter Allee;174 Frankfurter Allee;174 Frankfurter Allee;174 Frankfurter Allee
Messkomponente;Feinstaub (PM10);Feinstaub (PM2,5);Stickstoffdioxid;Stickstoffmonoxid;Stickoxide;Ozon;Benzol;Toluol;Kohlenmonoxid
Einheit;µg/m³;µg/m³;µg/m³;µg/m³;µg/m³;µg/m³;µg/m³;µg/m³;mg/m³
Messzeit (Angaben in MESZ bzw. MEZ);Stundenwerte;Stundenwerte;Stundenwerte;Stundenwerte;Stundenwerte;Stundenwerte;Stundenwerte;Stundenwerte;Stundenwerte

01.01.2023 00:00;54;37;14;16;38;40;0.9;0.9;0.2
01.01.2023 01:00;302;198;39;91;178;16;3.8;1.2;0.7
01.01.2023 02:00;89;55;18;14;40;33;4.3;1.7;0.3
01.01.2023 03:00;43;24;10;7;22;42;1.2;0.7;0.2
01.01.2023 04:00;29;16;9;2;11;45;0.5;0.6;0.2
01.01.2023 05:00;30;17;9;2;10;47;0.3;0.4;0.2
01.01.2023 06:00;25;13;8;2;10;47;0.3;0.4;0.2
01.01.2023 07:00;29;12;8;2;11;47;0.3;0.5;0.2
01.01.2023 08:00;26;11;9;2;11;45;0.2;0.4;0.2
01.01.2023 09:00;30;12;10;3;14;45;0.3;0.4;0.2
01.01.2023 10:00;25;11;7;2;9;46;0.3;0.4;0.2
01.01.2023 11:00;23;12;8;2;11;46;0.3;0.4;0.2
01.01.2023 12:00;17;9;8;2;10;46;0.3;0.5;0.2
01.01.2023 13:00;17;9;9;2;13;47;0.3;0.6;0.2
01.01.2023 14:00;17;9;11;3;16;47;0.4;1.0;0.2
01.01.2023 15:00;19;10;15;3;19;42;0.4;0.8;0.2
01.01.2023 16:00;20;11;18;2;22;37;0.5;1.0;0.2
01.01.2023 17:00;25;14;23;4;30;30;0.7;1.7;0.3
01.01.2023 18:00;38;20;46;32;96;11;0.9;2.3;0.5
01.01.2023 19:00;64;34;54;61;148;3;1.8;4.5;1.0
01.01.2023 20:00;63;38;52;28;94;2;2.7;6.5;0.7
01.01.2023 21:00;39;22;45;24;82;11;2.0;4.3;0.5
01.01.2023 22:00;26;14;32;9;46;22;1.1;1.8;0.4
01.01.2023 23:00;25;14;30;7;40;23;1.0;2.5;0.4
02.01.2023 00:00;25;14;27;9;41;23;0.9;1.5;0.3
02.01.2023 01:00;25;14;25;6;34;23;0.6;1.4;0.3
02.01.2023 02:00;24;13;16;2;20;28;0.6;1.2;0.2
02.01.2023 03:00;23;13;15;3;20;29;0.5;0.8;0.2
02.01.2023 04:00;22;12;15;2;18;30;0.5;0.9;0.2
02.01.2023 05:00;20;11;13;2;16;33;0.4;0.8;0.2
02.01.2023 06:00;21;12;27;7;38;19;0.4;1.0;0.2
02.01.2023 07:00;20;12;28;9;42;18;;;0.3
02.01.2023 08:00;22;13;27;12;46;22;0.6;1.3;0.3
02.01.2023 09:00;18;10;27;11;43;23;0.6;1.3;0.2
02.01.2023 10:00;20;10;25;8;38;27;1.5;1.0;0.2
02.01.2023 11:00;27;13;24;10;39;29;1.1;1.8;0.3
02.01.2023 12:00;23;11;23;9;38;33;0.7;1.5;0.2
02.01.2023 13:00;20;10;21;6;30;36;0.6;1.3;0.2
02.01.2023 14:00;20;11;21;4;28;37;0.5;1.0;0.2
02.01.2023 15:00;21;12;19;4;26;39;0.5;1.1;0.2
02.01.2023 16:00;22;11;25;8;37;34;0.5;1.2;0.2
02.01.2023 17:00;24;11;28;13;48;35;0.6;1.5;0.3
02.01.2023 18:00;15;7;33;17;59;40;0.7;1.3;0.3
02.01.2023 19:00;11;5;27;12;45;48;0.7;1.6;0.3
02.01.2023 20:00;11;5;30;13;50;44;0.7;1.7;0.3
02.01.2023 21:00;8;5;23;9;37;52;0.7;1.8;0.3
02.01.2023 22:00;10;5;27;13;46;48;0.6;1.5;0.3
02.01.2023 23:00;12;6;22;7;33;51;0.6;1.1;0.3
03.01.2023 00:00;8;6;16;4;23;55;0.5;1.0;0.2
03.01.2023 01:00;10;7;12;3;16;56;0.4;0.5;0.2
03.01.2023 02:00;11;7;13;3;18;54;0.4;0.6;0.2
03.01.2023 03:00;11;7;10;2;13;56;0.3;0.4;0.2
03.01.2023 04:00;9;6;11;2;14;58;0.3;0.5;0.2
03.01.2023 05:00;10;6;14;5;22;56;0.3;0.4;0.2
03.01.2023 06:00;12;7;25;10;40;46;0.4;0.6;0.2
03.01.2023 07:00;13;8;38;22;72;35;0.4;1.1;0.3
03.01.2023 08:00;13;8;48;39;108;24;0.6;1.2;0.3
03.01.2023 09:00;16;10;47;31;94;22;1.0;2.2;0.3
03.01.2023 10:00;17;11;41;30;86;27;0.8;1.9;0.3
03.01.2023 11:00;19;11;41;35;94;29;0.9;2.0;0.3
03.01.2023 12:00;18;10;39;29;83;33;1.0;2.1;0.3
03.01.2023 13:00;20;12;29;17;56;39;0.7;1.3;0.3
03.01.2023 14:00;20;12;29;17;55;40;0.6;1.2;0.3
03.01.2023 15:00;20;12;35;22;68;36;0.7;1.3;0.3
03.01.2023 16:00;23;13;53;56;138;23;1.0;2.8;0.5
03.01.2023 17:00;27;14;58;57;144;17;1.9;8.8;0.5
03.01.2023 18:00;31;18;54;36;108;16;1.5;4.4;0.5
03.01.2023 19:00;39;26;61;29;106;5;1.6;4.1;0.6
03.01.2023 20:00;40;26;61;28;103;2;2.2;5.0;0.6
03.01.2023 21:00;36;25;60;23;95;2;1.9;3.6;0.6
03.01.2023 22:00;37;26;54;18;82;2;1.9;3.2;0.5
03.01.2023 23:00;36;26;47;13;67;2;1.6;2.4;0.6
04.01.2023 00:00;31;22;43;15;66;5;1.9;3.0;0.5
04.01.2023 01:00;24;18;30;5;38;13;1.2;1.7;0.4
04.01.2023 02:00;21;16;25;5;33;16;1.1;1.5;0.3
04.01.2023 03:00;17;13;20;2;23;24;0.7;1.1;0.2
04.01.2023 04:00;15;11;19;3;24;29;0.6;0.8;0.2
04.01.2023 05:00;15;11;15;3;19;32;0.5;0.7;0.3
04.01.2023 06:00;15;11;20;7;31;31;0.5;0.7;0.3
04.01.2023 07:00;15;11;26;14;48;28;0.5;0.9;0.3
04.01.2023 08:00;16;11;38;27;79;23;0.6;1.0;0.3
04.01.2023 09:00;13;9;25;8;38;36;1.4;4.8;0.3
04.01.2023 10:00;12;9;24;9;38;40;0.9;1.7;0.3
04.01.2023 11:00;11;8;21;6;31;43;0.6;0.9;0.2
04.01.2023 12:00;12;9;21;7;32;42;0.6;0.9;0.3
04.01.2023 13:00;12;9;24;10;38;39;0.6;1.1;0.3
04.01.2023 14:00;12;9;17;3;21;43;0.8;1.1;0.3
04.01.2023 15:00;9;6;16;4;22;43;0.6;0.8;0.3
04.01.2023 16:00;9;6;18;5;25;40;0.6;0.9;0.2
04.01.2023 17:00;8;6;19;6;28;38;0.6;1.0;0.2
04.01.2023 18:00;8;6;16;3;21;41;0.5;0.8;0.2
04.01.2023 19:00;7;5;14;3;19;44;0.6;0.8;0.2
04.01.2023 20:00;7;5;15;3;19;43;0.6;1.1;0.2
04.01.2023 21:00;8;5;16;2;20;40;0.5;0.8;0.2
04.01.2023 22:00;7;5;13;2;16;42;0.5;0.8;0.2
04.01.2023 23:00;8;5;14;3;19;46;0.4;0.7;0.2
05.01.2023 00:00;8;5;16;2;20;46;0.5;0.8;0.2
05.01.2023 01:00;7;5;14;3;18;55;0.4;0.6;0.2
05.01.2023 02:00;7;5;14;2;17;56;0.3;0.5;0.2
05.01.2023 03:00;8;6;13;2;13;55;0.3;0.3;0.2
05.01.2023 04:00;7;5;12;2;14;53;0.3;0.3;0.2
05.01.2023 05:00;7;5;12;2;15;53;0.3;0.3;0.2
05.01.2023 06:00;7;5;16;8;28;47;0.3;0.5;0.2
05.01.2023 07:00;7;5;26;18;53;37;0.4;0.6;0.3
05.01.2023 08:00;6;4;28;18;56;35;0.5;0.8;0.3
05.01.2023 09:00;6;4;25;21;58;40;0.7;1.3;0.3
05.01.2023 10:00;5;3;20;11;37;47;0.5;0.9;0.2
05.01.2023 11:00;6;4;24;16;49;45;0.5;0.7;0.2
05.01.2023 12:00;9;5;20;15;44;50;0.5;0.7;0.2
05.01.2023 13:00;10;5;20;12;39;50;0.6;1.5;0.2
05.01.2023 14:00;10;5;20;13;40;49;0.6;1.1;0.3
05.01.2023 15:00;8;5;18;13;37;49;0.6;1.2;0.2
05.01.2023 16:00;8;5;15;6;24;50;0.6;1.0;0.2
05.01.2023 17:00;8;5;15;4;22;49;0.5;0.7;0.2
05.01.2023 18:00;9;5;21;12;40;42;0.6;1.0;0.3
05.01.2023 19:00;9;6;17;4;24;44;0.6;1.0;0.2
05.01.2023 20:00;10;7;16;2;20;42;0.5;0.9;0.2
05.01.2023 21:00;9;6;13;2;15;45;0.5;0.9;0.2
05.01.2023 22:00;9;6;10;2;12;49;0.5;0.6;0.2
05.01.2023 23:00;9;6;14;2;17;44;0.5;0.7;0.3
06.01.2023 00:00;9;6;11;2;13;47;0.6;0.9;0.2
06.01.2023 01:00;13;8;21;5;28;35;0.5;0.6;0.3
06.01.2023 02:00;12;8;25;5;33;28;0.6;1.0;0.3
06.01.2023 03:00;12;8;20;4;27;29;0.6;0.9;0.3
06.01.2023 04:00;10;6;17;3;22;34;0.5;1.0;0.2
06.01.2023 05:00;9;6;15;3;20;33;0.5;0.9;0.2
06.01.2023 06:00;9;6;19;10;34;30;0.5;1.2;0.2
06.01.2023 07:00;10;6;29;19;59;23;0.6;1.4;0.3
06.01.2023 08:00;11;7;33;28;75;20;0.7;1.4;0.3
06.01.2023 09:00;14;10;32;17;58;17;1.0;2.5;0.3
06.01.2023 10:00;23;16;36;22;70;12;0.8;1.5;0.4
06.01.2023 11:00;25;17;33;23;67;10;1.0;2.2;0.3
06.01.2023 12:00;23;16;33;29;77;9;1.2;2.3;0.4
06.01.2023 13:00;24;19;35;27;77;7;1.4;2.3;0.4
06.01.2023 14:00;18;12;29;14;50;16;1.3;2.5;0.4
06.01.2023 15:00;12;8;26;11;43;26;1.3;2.9;0.3
06.01.2023 16:00;10;6;30;20;60;32;0.8;1.6;0.3
06.01.2023 17:00;10;7;35;22;68;31;1.2;2.9;0.6
06.01.2023 18:00;10;7;48;33;97;22;1.0;2.1;0.4
06.01.2023 19:00;14;11;52;36;107;16;1.3;3.5;0.5
06.01.2023 20:00;14;11;42;21;74;22;1.3;3.1;0.4
06.01.2023 21:00;16;12;36;13;56;25;0.9;2.6;0.4
06.01.2023 22:00;17;14;34;10;50;25;1.2;2.9;0.5
06.01.2023 23:00;22;18;43;21;75;15;1.0;2.1;0.5
07.01.2023 00:00;21;17;36;6;45;17;1.5;2.1;0.3
07.01.2023 01:00;19;15;30;6;38;21;1.0;1.7;0.3
07.01.2023 02:00;16;12;27;4;34;22;0.8;1.6;0.3
07.01.2023 03:00;13;10;23;3;28;24;0.5;1.0;0.2
07.01.2023 04:00;15;11;33;9;46;12;0.5;1.1;0.3
07.01.2023 05:00;17;12;34;8;46;7;0.6;1.3;0.3
07.01.2023 06:00;17;13;33;12;51;7;0.5;1.2;0.3
07.01.2023 07:00;20;15;32;12;50;8;0.6;1.2;0.3
07.01.2023 08:00;17;13;32;17;58;7;0.7;1.4;0.3
07.01.2023 09:00;16;12;29;15;51;11;0.7;1.4;0.3
07.01.2023 10:00;16;12;32;14;53;11;1.0;2.2;0.4
07.01.2023 11:00;15;11;28;16;52;16;1.0;2.3;0.3
07.01.2023 12:00;18;14;34;24;71;13;1.2;2.6;0.4
07.01.2023 13:00;22;17;30;13;50;18;1.2;2.4;0.4
07.01.2023 14:00;15;12;29;16;54;23;1.5;3.0;0.4
07.01.2023 15:00;16;11;29;12;47;26;1.4;3.7;0.5
07.01.2023 16:00;15;10;35;16;59;21;1.3;2.4;0.4
07.01.2023 17:00;18;13;36;12;54;19;1.5;2.7;0.5
07.01.2023 18:00;16;11;37;13;57;23;1.7;2.3;0.4
07.01.2023 19:00;16;12;30;12;48;29;1.2;1.8;0.4
07.01.2023 20:00;13;9;26;10;41;31;1.1;1.6;0.4
07.01.2023 21:00;14;11;26;7;38;28;0.9;1.5;0.4
07.01.2023 22:00;14;11;18;5;25;34;0.8;1.3;0.3
07.01.2023 23:00;16;12;20;7;32;33;0.7;1.2;0.3
08.01.2023 00:00;14;11;20;6;28;33;0.7;1.0;0.3
08.01.2023 01:00;14;10;16;4;23;36;0.7;1.0;0.3
08.01.2023 02:00;13;10;13;4;20;38;0.6;0.7;0.2
08.01.2023 03:00;14;11;13;3;17;37;0.6;0.8;0.2
08.01.2023 04:00;16;12;13;2;16;35;0.6;0.8;0.2
08.01.2023 05:00;17;13;14;3;19;32;0.6;0.7;0.3
08.01.2023 06:00;17;13;16;3;20;28;0.6;0.8;0.3
08.01.2023 07:00;17;13;17;3;21;27;0.6;0.9;0.2
08.01.2023 08:00;16;13;18;3;23;25;0.6;0.9;0.3
08.01.2023 09:00;16;12;23;5;31;20;0.5;0.9;0.3
08.01.2023 10:00;18;14;26;7;36;20;0.6;1.0;0.3
08.01.2023 11:00;19;15;27;8;40;20;0.9;1.6;0.3
08.01.2023 12:00;15;12;20;4;27;28;1.0;1.7;0.3
08.01.2023 13:00;19;15;22;8;34;27;0.8;1.5;0.3
08.01.2023 14:00;23;19;24;7;35;24;1.1;1.6;0.4
08.01.2023 15:00;18;14;27;9;40;21;1.1;1.9;0.4
08.01.2023 16:00;17;13;23;11;40;21;1.1;2.0;0.4
08.01.2023 17:00;19;15;24;14;45;19;0.9;1.5;0.4
08.01.2023 18:00;21;17;27;16;52;16;1.3;2.0;0.4
08.01.2023 19:00;21;17;26;13;45;16;1.2;1.9;0.4
08.01.2023 20:00;18;14;24;9;37;18;1.2;1.6;0.4
08.01.2023 21:00;17;14;22;7;33;18;0.8;1.2;0.3
08.01.2023 22:00;20;16;21;8;33;18;0.9;1.2;0.3
08.01.2023 23:00;20;17;23;12;42;16;1.1;1.3;0.3
09.01.2023 00:00;17;14;19;6;29;18;1.2;1.7;0.3
09.01.2023 01:00;17;14;19;5;27;18;0.9;1.2;0.3
09.01.2023 02:00;18;15;21;4;27;13;0.8;1.1;0.3
09.01.2023 03:00;19;16;19;3;24;13;0.8;1.0;0.3
09.01.2023 04:00;20;16;15;3;20;15;0.8;0.9;0.3
09.01.2023 05:00;21;17;20;6;29;10;0.8;0.9;0.3
09.01.2023 06:00;22;18;22;13;42;10;;;0.3
09.01.2023 07:00;23;18;29;17;55;7;;;0.3
09.01.2023 08:00;23;18;35;30;81;6;;;0.4
09.01.2023 09:00;23;18;34;29;79;8;;;0.4
09.01.2023 10:00;24;18;35;25;72;8;;;0.4
09.01.2023 11:00;25;20;34;26;74;11;;;0.4
09.01.2023 12:00;21;17;30;16;54;15;;;0.3
09.01.2023 13:00;16;12;38;46;108;20;;;0.4
09.01.2023 14:00;14;10;45;38;103;32;;;0.4
09.01.2023 15:00;15;9;49;38;107;33;;;0.4
09.01.2023 16:00;15;8;43;27;85;35;;;0.4
09.01.2023 17:00;17;10;47;10;63;24;;;0.4
09.01.2023 18:00;17;11;51;18;79;18;;;0.4
09.01.2023 19:00;15;10;40;16;64;27;;;0.4
09.01.2023 20:00;15;10;35;5;43;28;;;0.3
09.01.2023 21:00;13;9;29;5;36;31;;;0.3
09.01.2023 22:00;11;8;25;5;33;35;;;0.3
09.01.2023 23:00;9;7;19;3;24;38;;;0.3
10.01.2023 00:00;10;7;20;2;24;37;;;0.2
10.01.2023 01:00;9;7;19;2;23;37;;;0.3
10.01.2023 02:00;10;7;16;4;22;43;;;0.2
10.01.2023 03:00;9;7;14;2;17;50;;;0.2
10.01.2023 04:00;10;7;16;2;19;48;;;0.2
10.01.2023 05:00;11;8;19;5;28;46;;;0.2
10.01.2023 06:00;13;9;26;10;42;38;;;0.3
10.01.2023 07:00;17;12;48;36;103;20;;;0.3
10.01.2023 08:00;21;14;49;39;109;16;;;0.4
10.01.2023 09:00;23;15;52;48;125;14;;;0.4
10.01.2023 10:00;24;16;51;50;128;14;;;0.4
10.01.2023 11:00;20;14;40;32;89;24;;;0.3
10.01.2023 12:00;20;14;44;46;114;24;;;0.3
10.01.2023 13:00;22;15;42;39;102;27;;;0.4
10.01.2023 14:00;23;13;28;21;61;37;;;0.3
10.01.2023 15:00;20;12;39;31;87;31;;;0.4
10.01.2023 16:00;25;13;35;24;71;31;;;0.4
10.01.2023 17:00;24;14;39;24;75;29;;;0.4
10.01.2023 18:00;24;16;33;11;49;27;;;0.3
10.01.2023 19:00;23;15;36;13;55;22;;;0.4
10.01.2023 20:00;19;13;26;8;37;29;;;0.3
10.01.2023 21:00;19;14;27;7;37;26;;;0.3
10.01.2023 22:00;22;16;31;7;41;22;;;0.3
10.01.2023 23:00;18;13;22;8;35;29;;;0.3
11.01.2023 00:00;16;11;17;6;26;34;;;0.3
11.01.2023 01:00;13;9;12;3;16;42;;;0.2
11.01.2023 02:00;13;9;11;4;18;43;;;0.2
11.01.2023 03:00;12;8;9;3;13;47;;;0.2
11.01.2023 04:00;12;7;8;2;11;49;;;0.2
11.01.2023 05:00;10;7;10;3;15;48;;;0.2
11.01.2023 06:00;10;6;16;6;26;44;;;0.2
11.01.2023 07:00;11;7;25;13;44;39;;;0.2
11.01.2023 08:00;14;7;36;30;81;30;;;0.3
11.01.2023 09:00;21;8;34;21;66;31;;;0.3
11.01.2023 10:00;16;7;34;21;66;29;;;0.3
11.01.2023 11:00;15;8;29;12;47;31;;;0.3
11.01.2023 12:00;15;10;38;30;84;23;;;0.4
11.01.2023 13:00;11;8;45;41;108;19;;;0.4
11.01.2023 14:00;12;8;46;39;104;15;;;0.5
11.01.2023 15:00;13;9;39;24;75;16;;;0.4
11.01.2023 16:00;10;7;37;24;74;15;;;0.4
11.01.2023 17:00;10;7;33;13;53;17;;;0.3
11.01.2023 18:00;11;8;35;17;61;17;;;0.4
11.01.2023 19:00;12;9;37;18;64;18;;;0.5
11.01.2023 20:00;14;10;37;21;68;19;;;0.4
11.01.2023 21:00;14;11;30;14;52;24;;;0.3
11.01.2023 22:00;15;11;29;13;48;29;;;0.4
11.01.2023 23:00;17;12;25;7;37;36;;;0.3
12.01.2023 00:00;20;15;22;3;27;39;;;0.3
12.01.2023 01:00;19;14;20;2;25;38;;;0.4
12.01.2023 02:00;17;12;15;2;17;38;;;0.2
12.01.2023 03:00;13;9;11;2;13;46;;;0.2
12.01.2023 04:00;11;8;10;2;11;50;;;0.2
12.01.2023 05:00;10;7;10;2;11;52;;;0.2
12.01.2023 06:00;10;7;15;3;20;47;;;0.2
12.01.2023 07:00;11;7;21;7;32;42;;;0.2
12.01.2023 08:00;13;10;23;8;35;41;;;0.2
12.01.2023 09:00;14;9;31;13;51;34;;;0.3
12.01.2023 10:00;13;9;30;13;50;34;;;0.3
12.01.2023 11:00;13;8;21;7;31;44;;;0.3
12.01.2023 12:00;13;7;19;7;29;47;;;0.3
12.01.2023 13:00;11;7;19;9;33;49;;;0.3
12.01.2023 14:00;8;5;16;7;27;51;;;0.2
12.01.2023 15:00;7;5;17;7;28;49;;;0.2
12.01.2023 16:00;7;4;16;7;26;49;;;0.2
12.01.2023 17:00;7;5;18;9;32;46;;;0.3
12.01.2023 18:00;7;4;19;6;29;44;;;0.2
12.01.2023 19:00;7;4;18;5;26;44;;;0.3
12.01.2023 20:00;7;5;15;3;20;47;;;0.2
12.01.2023 21:00;7;4;14;3;19;48;;;0.2
12.01.2023 22:00;6;4;10;2;13;51;;;0.2
12.01.2023 23:00;6;4;11;2;14;48;;;0.2
13.01.2023 00:00;6;4;11;2;13;48;;;0.2
13.01.2023 01:00;6;4;8;2;10;51;;;0.2
13.01.2023 02:00;6;4;9;2;11;52;;;0.2
13.01.2023 03:00;6;4;7;2;9;51;;;0.2
13.01.2023 04:00;5;3;7;2;9;52;;;0.2
13.01.2023 05:00;5;3;8;2;11;49;;;0.2
13.01.2023 06:00;5;3;12;3;17;45;;;0.2
13.01.2023 07:00;5;3;17;5;24;41;;;0.2
13.01.2023 08:00;7;5;38;20;68;22;;;0.3
13.01.2023 09:00;8;5;26;10;41;37;;;0.2
13.01.2023 10:00;10;7;21;6;30;51;;;0.2
13.01.2023 11:00;9;6;29;11;46;43;;;0.2
13.01.2023 12:00;11;7;21;7;33;51;;;0.2
13.01.2023 13:00;9;5;16;7;27;61;;;0.2
13.01.2023 14:00;10;6;19;13;38;59;;;0.2
13.01.2023 15:00;13;6;18;9;31;60;;;0.2
13.01.2023 16:00;11;6;21;8;34;56;;;0.2
13.01.2023 17:00;12;6;24;9;38;53;;;0.3
13.01.2023 18:00;11;7;20;6;30;56;;;0.2
13.01.2023 19:00;10;7;17;6;26;58;;;0.2
13.01.2023 20:00;10;7;16;4;22;56;;;0.2
13.01.2023 21:00;11;8;15;3;21;56;;;0.2
13.01.2023 22:00;10;7;12;3;16;59;;;0.2
13.01.2023 23:00;9;6;11;3;17;58;;;0.2
14.01.2023 00:00;9;6;11;3;15;57;;;0.2
14.01.2023 01:00;9;7;11;2;15;54;;;0.2
14.01.2023 02:00;9;6;10;2;14;55;;;0.2
14.01.2023 03:00;9;6;8;2;11;57;;;0.2
14.01.2023 04:00;9;6;8;2;10;57;;;0.2
14.01.2023 05:00;8;6;16;6;26;49;;;0.2
14.01.2023 06:00;9;6;10;2;13;55;;;0.2
14.01.2023 07:00;9;6;12;2;14;50;;;0.2
14.01.2023 08:00;9;7;14;2;17;47;;;0.2
14.01.2023 09:00;9;7;16;3;20;45;;;0.2
14.01.2023 10:00;12;9;19;8;32;44;;;0.3
14.01.2023 11:00;12;8;16;6;25;46;;;0.2
14.01.2023 12:00;13;9;12;4;19;52;;;0.2
14.01.2023 13:00;14;9;14;6;23;51;;;0.3
14.01.2023 14:00;16;11;17;7;27;48;;;0.3
14.01.2023 15:00;13;8;26;18;55;46;;;0.3
14.01.2023 16:00;14;9;20;13;40;49;;;0.3
14.01.2023 17:00;13;9;23;15;46;47;;;0.3
14.01.2023 18:00;12;8;15;9;28;52;;;0.3
14.01.2023 19:00;12;9;17;10;31;52;;;0.3
14.01.2023 20:00;9;7;14;6;24;54;;;0.3
14.01.2023 21:00;9;6;10;3;16;56;;;0.2
14.01.2023 22:00;9;6;11;3;16;53;;;0.2
14.01.2023 23:00;8;6;11;3;16;54;;;0.2
15.01.2023 00:00;7;5;9;2;13;55;;;0.2
15.01.2023 01:00;6;4;9;2;12;53;;;0.2
15.01.2023 02:00;6;4;8;2;11;52;;;0.2
15.01.2023 03:00;5;3;8;2;9;51;;;0.2
15.01.2023 04:00;5;3;9;2;11;49;;;0.2
15.01.2023 05:00;5;4;12;2;14;44;;;0.2
15.01.2023 06:00;5;3;8;2;9;68;;;0.2
15.01.2023 07:00;5;3;10;2;12;77;;;0.2
15.01.2023 08:00;5;3;14;2;16;70;;;0.2
15.01.2023 09:00;8;6;18;2;19;61;;;0.2
15.01.2023 10:00;11;8;18;2;21;59;;;0.2
15.01.2023 11:00;11;8;16;2;20;60;;;0.2
15.01.2023 12:00;9;7;16;3;21;59;;;0.3
15.01.2023 13:00;9;6;13;2;18;61;;;0.2
15.01.2023 14:00;8;5;14;3;19;61;;;0.2
15.01.2023 15:00;8;5;14;4;21;62;;;0.2
15.01.2023 16:00;9;6;13;2;18;62;;;0.2
15.01.2023 17:00;7;5;14;2;19;60;;;0.2
15.01.2023 18:00;8;6;12;3;17;61;;;0.2
15.01.2023 19:00;8;5;12;2;16;62;;;0.2
15.01.2023 20:00;9;6;12;2;15;63;;;0.2
15.01.2023 21:00;8;5;11;2;14;63;;;0.2
15.01.2023 22:00;8;5;11;2;13;62;;;0.2
15.01.2023 23:00;8;5;11;2;13;60;;;0.2
16.01.2023 00:00;7;5;10;2;12;60;;;0.2
16.01.2023 01:00;7;5;9;2;11;60;;;0.2
16.01.2023 02:00;6;4;7;2;8;61;;;0.2
16.01.2023 03:00;6;4;9;2;10;57;;;0.2
16.01.2023 04:00;7;4;15;2;17;50;;;0.2
16.01.2023 05:00;6;4;17;2;19;45;;;0.2
16.01.2023 06:00;7;5;21;8;34;41;;;0.2
16.01.2023 07:00;9;6;30;15;53;31;;;0.3
16.01.2023 08:00;11;7;41;29;85;24;;;0.3
16.01.2023 09:00;14;9;34;18;61;28;;;0.3
16.01.2023 10:00;18;12;32;16;56;30;;;0.4
16.01.2023 11:00;14;7;28;21;60;35;;;0.3
16.01.2023 12:00;18;9;27;18;55;39;;;0.3
16.01.2023 13:00;12;7;35;37;91;41;;;0.4
16.01.2023 14:00;14;7;34;30;81;40;;;0.3
16.01.2023 15:00;16;7;41;35;94;37;;;0.4
16.01.2023 16:00;12;6;39;38;98;34;;;0.4
16.01.2023 17:00;12;6;39;41;102;33;;;0.4
16.01.2023 18:00;12;7;42;37;99;30;;;0.4
16.01.2023 19:00;13;8;38;31;85;33;;;0.4
16.01.2023 20:00;13;7;24;11;40;38;;;0.3
16.01.2023 21:00;12;8;20;10;35;42;;;0.3
16.01.2023 22:00;11;7;15;7;25;49;;;0.3
16.01.2023 23:00;10;7;14;6;23;52;;;0.2
17.01.2023 00:00;10;6;12;4;18;55;;;0.2
17.01.2023 01:00;8;6;10;4;17;56;;;0.2
17.01.2023 02:00;8;6;11;5;19;54;;;0.2
17.01.2023 03:00;8;6;9;3;13;54;;;0.2
17.01.2023 04:00;8;6;11;3;17;49;;;0.2
17.01.2023 05:00;9;6;13;3;18;44;;;0.2
17.01.2023 06:00;8;5;21;7;32;35;;;0.3
17.01.2023 07:00;6;4;19;7;30;34;;;0.2
17.01.2023 08:00;7;5;21;9;34;31;;;0.3
17.01.2023 09:00;9;7;18;6;28;41;;;0.2
17.01.2023 10:00;11;8;16;5;25;46;;;0.2
17.01.2023 11:00;11;7;19;9;32;47;;;0.2
17.01.2023 12:00;9;5;22;13;41;50;;;0.2
17.01.2023 13:00;8;5;29;23;65;46;;;0.3
17.01.2023 14:00;8;5;26;17;52;46;;;0.3
17.01.2023 15:00;9;6;29;19;57;44;;;0.3
17.01.2023 16:00;11;6;26;11;42;44;;;0.3
17.01.2023 17:00;15;9;34;11;51;33;;;0.4
17.01.2023 18:00;16;11;49;16;73;19;;;0.4
17.01.2023 19:00;22;14;60;26;99;11;;;0.7
17.01.2023 20:00;23;15;73;63;170;4;;;0.7
17.01.2023 21:00;33;21;71;69;176;2;;;0.7
17.01.2023 22:00;31;20;60;40;122;2;;;0.6
17.01.2023 23:00;31;21;61;37;117;2;;;0.7
18.01.2023 00:00;33;23;58;49;133;2;;;0.7
18.01.2023 01:00;32;24;51;33;102;2;;;0.6
18.01.2023 02:00;27;21;44;19;73;2;;;0.5
18.01.2023 03:00;27;21;44;14;65;2;;;0.4
18.01.2023 04:00;24;18;40;8;52;5;;;0.4
18.01.2023 05:00;22;17;37;4;43;8;;;0.3
18.01.2023 06:00;17;13;31;4;37;20;;;0.4
18.01.2023 07:00;14;10;34;5;42;23;;;0.3
18.01.2023 08:00;16;11;44;12;63;8;;;0.4
18.01.2023 09:00;19;13;47;12;66;6;;;0.4
18.01.2023 10:00;16;11;36;8;48;20;;;0.4
18.01.2023 11:00;19;12;34;12;52;24;;;0.4
18.01.2023 12:00;22;14;40;18;68;18;;;0.4
18.01.2023 13:00;22;15;38;11;55;20;;;0.4
18.01.2023 14:00;20;13;37;11;54;21;;;0.3
18.01.2023 15:00;21;13;40;13;59;16;;;0.4
18.01.2023 16:00;21;13;36;9;50;18;;;0.4
18.01.2023 17:00;25;15;43;14;65;13;;;0.4
18.01.2023 18:00;25;16;44;11;61;16;;;0.4
18.01.2023 19:00;28;18;49;20;80;12;;;0.5
18.01.2023 20:00;31;20;50;20;81;9;;;0.5
18.01.2023 21:00;31;20;55;39;114;5;;;0.6
18.01.2023 22:00;33;21;57;48;131;3;;;0.6
18.01.2023 23:00;32;23;53;25;91;4;;;0.6
19.01.2023 00:00;32;24;49;18;76;2;;;0.6
19.01.2023 01:00;30;22;42;10;58;5;;;0.4
19.01.2023 02:00;25;19;39;7;50;7;;;0.3
19.01.2023 03:00;25;19;37;6;46;8;;;0.3
19.01.2023 04:00;26;19;36;10;51;5;;;0.3
19.01.2023 05:00;26;20;33;8;45;7;;;0.3
19.01.2023 06:00;27;21;34;16;59;6;;;0.4
19.01.2023 07:00;29;23;35;23;70;6;;;0.4
19.01.2023 08:00;32;23;47;58;135;3;;;0.5
19.01.2023 09:00;38;25;47;45;116;4;;;0.5
19.01.2023 10:00;38;25;43;39;103;7;;;0.5
19.01.2023 11:00;31;21;38;35;92;15;;;0.5
19.01.2023 12:00;29;20;32;24;68;20;;;0.4
19.01.2023 13:00;34;20;32;27;73;22;;;0.4
19.01.2023 14:00;29;19;36;39;96;22;;;0.5
19.01.2023 15:00;30;20;37;37;94;23;;;0.4
19.01.2023 16:00;26;20;41;46;111;20;;;0.5
19.01.2023 17:00;28;21;46;44;113;13;;;0.5
19.01.2023 18:00;32;23;53;41;116;8;;;0.5
19.01.2023 19:00;34;27;53;41;116;8;;;0.6
19.01.2023 20:00;32;24;45;12;64;8;;;0.5
19.01.2023 21:00;29;22;41;12;60;11;;;0.4
19.01.2023 22:00;26;21;34;7;45;15;;;0.5
19.01.2023 23:00;27;22;32;6;41;15;;;0.4
20.01.2023 00:00;25;20;29;6;39;16;;;0.4
20.01.2023 01:00;27;21;31;9;45;15;;;0.3
20.01.2023 02:00;23;17;17;4;23;34;;;0.3
20.01.2023 03:00;23;17;12;2;15;43;;;0.2
20.01.2023 04:00;24;17;17;5;25;39;;;0.2
20.01.2023 05:00;25;18;25;4;31;31;;;0.2
20.01.2023 06:00;27;20;34;13;54;23;;;0.3
20.01.2023 07:00;31;23;44;24;81;13;;;0.3
20.01.2023 08:00;31;24;48;32;97;8;;;0.3
20.01.2023 09:00;36;25;48;36;103;8;;;0.4
20.01.2023 10:00;35;25;45;37;101;12;;;0.4
20.01.2023 11:00;30;22;43;32;91;14;;;0.3
20.01.2023 12:00;34;24;49;42;112;10;;;0.4
20.01.2023 13:00;35;25;44;27;86;13;;;0.4
20.01.2023 14:00;37;27;36;15;59;17;;;0.4
20.01.2023 15:00;39;28;44;22;78;12;;;0.4
20.01.2023 16:00;39;28;43;14;64;12;;;0.4
20.01.2023 17:00;41;29;48;22;81;8;;;0.4
20.01.2023 18:00;40;28;49;25;88;6;;;0.5
20.01.2023 19:00;35;26;32;9;46;20;;;0.4
20.01.2023 20:00;32;25;21;2;25;31;;;0.3
20.01.2023 21:00;30;24;16;2;18;36;;;0.3
20.01.2023 22:00;28;22;13;2;15;40;;;0.3
20.01.2023 23:00;22;18;8;2;9;47;;;0.2
21.01.2023 00:00;21;16;8;2;10;46;;;0.2
21.01.2023 01:00;20;16;7;2;8;47;;;0.2
21.01.2023 02:00;17;13;4;2;5;52;;;0.2
21.01.2023 03:00;17;14;3;2;4;52;;;0.2
21.01.2023 04:00;17;14;7;2;7;49;;;0.2
21.01.2023 05:00;17;13;7;2;8;48;;;0.3
21.01.2023 06:00;15;12;11;2;12;45;;;0.2
21.01.2023 07:00;14;11;13;2;14;42;;;0.3
21.01.2023 08:00;17;14;6;2;8;47;;;0.2
21.01.2023 09:00;21;17;7;2;8;45;;;0.2
21.01.2023 10:00;22;18;10;2;12;45;;;0.3
21.01.2023 11:00;21;17;14;3;19;43;;;0.3
21.01.2023 12:00;21;17;14;3;19;43;;;0.3
21.01.2023 13:00;20;16;12;3;17;44;;;0.3
21.01.2023 14:00;17;12;10;2;13;51;;;0.3
21.01.2023 15:00;14;9;9;2;12;56;;;0.2
21.01.2023 16:00;11;8;8;2;10;59;;;0.2
21.01.2023 17:00;9;6;7;2;9;62;;;0.2
21.01.2023 18:00;9;6;11;2;14;57;;;0.2
21.01.2023 19:00;9;7;9;2;11;58;;;0.2
21.01.2023 20:00;9;7;6;2;7;60;;;0.2
21.01.2023 21:00;8;6;6;2;7;58;;;0.2
21.01.2023 22:00;8;6;5;2;6;57;;;0.2
21.01.2023 23:00;8;6;5;2;5;57;;;0.2
22.01.2023 00:00;7;6;4;2;5;56;;;0.2
22.01.2023 01:00;7;6;4;2;4;54;;;0.2
22.01.2023 02:00;8;6;4;2;4;53;;;0.2
22.01.2023 03:00;8;6;4;2;5;50;;;0.2
22.01.2023 04:00;8;6;4;2;4;49;;;0.2
22.01.2023 05:00;7;5;4;2;4;47;;;0.2
22.01.2023 06:00;8;6;5;2;5;43;;;0.2
22.01.2023 07:00;11;8;6;2;6;39;;;0.2
22.01.2023 08:00;12;9;5;2;6;37;;;0.2
22.01.2023 09:00;12;10;6;2;7;34;;;0.2
22.01.2023 10:00;12;10;7;2;9;32;;;0.2
22.01.2023 11:00;14;11;9;3;14;28;;;0.3
22.01.2023 12:00;15;12;9;3;13;27;;;0.3
22.01.2023 13:00;16;13;9;3;14;26;;;0.3
22.01.2023 14:00;16;13;9;2;12;25;;;0.3
22.01.2023 15:00;18;15;8;2;11;25;;;0.3
22.01.2023 16:00;20;17;9;2;12;23;;;0.3
22.01.2023 17:00;21;17;9;2;13;22;;;0.3
22.01.2023 18:00;21;18;12;6;21;20;;;0.3
22.01.2023 19:00;21;18;13;6;22;18;;;0.3
22.01.2023 20:00;21;18;11;3;16;18;;;0.3
22.01.2023 21:00;19;16;9;2;11;20;;;0.3
22.01.2023 22:00;19;16;9;2;12;19;;;0.3
22.01.2023 23:00;20;17;9;2;12;19;;;0.3
23.01.2023 00:00;21;17;9;2;13;19;;;0.3
23.01.2023 01:00;21;18;9;2;11;18;;;0.3
23.01.2023 02:00;21;18;7;2;8;19;;;0.3
23.01.2023 03:00;22;18;6;2;8;19;;;0.3
23.01.2023 04:00;22;18;7;2;11;18;;;0.3
23.01.2023 05:00;22;18;7;3;12;19;;;0.3
23.01.2023 06:00;22;19;10;4;17;18;;;0.3
23.01.2023 07:00;23;19;16;10;30;15;;;0.3
23.01.2023 08:00;24;20;22;16;47;12;;;0.3
23.01.2023 09:00;25;20;22;20;52;13;;;0.3
23.01.2023 10:00;28;22;22;17;47;14;;;0.3
23.01.2023 11:00;28;22;22;24;58;13;;;0.3
23.01.2023 12:00;29;22;20;20;50;15;;;0.3
23.01.2023 13:00;28;22;15;9;28;20;;;0.3
23.01.2023 14:00;27;21;16;11;33;24;;;0.3
23.01.2023 15:00;26;19;19;12;38;24;;;0.3
23.01.2023 16:00;24;18;16;7;28;24;;;0.3
23.01.2023 17:00;23;18;16;6;26;24;;;0.3
23.01.2023 18:00;24;19;15;5;23;21;;;0.3
23.01.2023 19:00;24;19;14;4;21;21;;;0.3
23.01.2023 20:00;23;18;13;2;16;22;;;0.3
23.01.2023 21:00;23;18;11;2;14;26;;;0.3
23.01.2023 22:00;22;18;9;2;11;28;;;0.3
23.01.2023 23:00;22;18;6;2;7;30;;;0.3
24.01.2023 00:00;22;18;5;2;7;30;;;0.3
24.01.2023 01:00;25;20;6;2;8;30;;;0.3
24.01.2023 02:00;25;20;7;2;10;29;;;0.2
24.01.2023 03:00;22;18;7;2;9;32;;;0.3
24.01.2023 04:00;19;16;4;2;6;40;;;0.2
24.01.2023 05:00;19;16;5;2;7;40;;;0.2
24.01.2023 06:00;19;15;8;2;10;38;;;0.3
24.01.2023 07:00;20;16;14;4;20;32;;;0.3
24.01.2023 08:00;23;18;18;5;26;27;;;0.3
24.01.2023 09:00;29;24;17;4;24;25;;;0.3
24.01.2023 10:00;36;30;18;7;28;24;;;0.3
24.01.2023 11:00;40;32;19;9;32;24;;;0.3
24.01.2023 12:00;38;30;15;7;26;26;;;0.3
24.01.2023 13:00;35;28;15;7;25;27;;;0.3
24.01.2023 14:00;37;30;15;4;22;28;;;0.3
24.01.2023 15:00;33;26;17;5;25;26;;;0.3
24.01.2023 16:00;35;27;24;11;41;22;;;0.3
24.01.2023 17:00;34;27;23;8;35;20;;;0.3
24.01.2023 18:00;35;26;27;5;35;16;;;0.3
24.01.2023 19:00;32;24;29;8;42;15;;;0.4
24.01.2023 20:00;29;23;23;3;28;21;;;0.4
24.01.2023 21:00;30;24;24;3;28;20;;;0.4
24.01.2023 22:00;31;24;27;4;33;17;;;0.4
24.01.2023 23:00;25;20;17;2;19;28;;;0.3
25.01.2023 00:00;24;20;15;2;16;30;;;0.4
25.01.2023 01:00;24;20;12;2;13;31;;;0.3
25.01.2023 02:00;24;19;15;2;17;29;;;0.3
25.01.2023 03:00;24;20;18;2;19;25;;;0.3
25.01.2023 04:00;26;22;19;3;23;22;;;0.3
25.01.2023 05:00;25;20;19;2;20;24;;;0.3
25.01.2023 06:00;25;19;29;9;43;29;;;0.3
25.01.2023 07:00;24;18;32;19;61;34;;;0.3
25.01.2023 08:00;24;16;38;21;69;29;;;0.4
25.01.2023 09:00;25;18;36;21;68;27;;;0.4
25.01.2023 10:00;34;26;35;24;72;23;;;0.4
25.01.2023 11:00;32;25;32;20;62;23;;;0.4
25.01.2023 12:00;31;24;33;32;81;21;;;0.5
25.01.2023 13:00;31;24;32;31;80;17;;;0.5
25.01.2023 14:00;31;25;30;23;65;12;;;0.4
25.01.2023 15:00;30;23;32;28;74;10;;;0.4
25.01.2023 16:00;27;22;31;22;65;10;;;0.4
25.01.2023 17:00;26;21;35;35;88;11;;;0.5
25.01.2023 18:00;24;20;33;25;72;14;;;0.5
25.01.2023 19:00;25;20;35;35;89;13;;;0.5
25.01.2023 20:00;22;18;26;19;54;17;;;0.4
25.01.2023 21:00;21;17;24;12;43;15;;;0.4
25.01.2023 22:00;21;17;21;7;32;15;;;0.4
25.01.2023 23:00;18;15;22;15;45;14;;;0.4
26.01.2023 00:00;18;15;19;10;34;17;;;0.3
26.01.2023 01:00;19;15;19;8;32;15;;;0.3
26.01.2023 02:00;18;15;19;7;31;14;;;0.3
26.01.2023 03:00;18;15;18;4;25;14;;;0.3
26.01.2023 04:00;19;16;22;4;28;9;;;0.3
26.01.2023 05:00;20;17;24;9;38;7;;;0.3
26.01.2023 06:00;20;17;24;8;37;7;;;0.3
26.01.2023 07:00;19;15;30;32;79;6;;;0.4
26.01.2023 08:00;19;15;31;31;80;4;;;0.4
26.01.2023 09:00;17;13;29;30;74;4;;;0.4
26.01.2023 10:00;18;13;28;25;66;6;;;0.4
26.01.2023 11:00;19;14;29;30;75;8;;;0.3
26.01.2023 12:00;20;14;30;34;82;10;;;0.4
26.01.2023 13:00;20;15;31;37;88;11;;;0.4
26.01.2023 14:00;19;14;;;;;;;0.4
26.01.2023 15:00;20;15;39;61;133;7;;;0.4
26.01.2023 16:00;18;14;29;23;64;11;;;0.4
26.01.2023 17:00;19;16;24;10;40;12;;;0.3
26.01.2023 18:00;20;16;25;10;39;13;;;0.3
26.01.2023 19:00;19;16;29;15;52;12;;;0.4
26.01.2023 20:00;21;16;24;7;34;13;;;0.3
26.01.2023 21:00;19;16;20;5;27;16;;;0.4
26.01.2023 22:00;20;16;18;3;24;16;;;0.4
26.01.2023 23:00;19;15;18;2;22;16;;;0.4
27.01.2023 00:00;16;13;15;2;17;18;;;0.4
27.01.2023 01:00;15;12;13;2;15;19;;;0.3
27.01.2023 02:00;14;12;9;2;9;22;;;0.3
27.01.2023 03:00;14;12;8;2;9;21;;;0.3
27.01.2023 04:00;13;11;9;2;10;22;;;0.3
27.01.2023 05:00;13;11;13;2;15;17;;;0.3
27.01.2023 06:00;15;12;16;5;24;11;;;0.3
27.01.2023 07:00;12;9;20;11;36;8;;;0.3
27.01.2023 08:00;11;9;23;18;51;2;;;0.4
27.01.2023 09:00;13;10;24;22;57;4;;;0.4
27.01.2023 10:00;13;10;17;2;21;28;;;0.3
27.01.2023 11:00;11;9;18;2;22;41;;;0.2
27.01.2023 12:00;10;7;15;2;18;53;;;0.2
27.01.2023 13:00;8;6;12;2;16;58;;;0.2
27.01.2023 14:00;10;7;13;2;16;55;;;0.2
27.01.2023 15:00;12;9;14;2;16;53;;;0.2
27.01.2023 16:00;11;8;13;2;16;54;;;0.2
27.01.2023 17:00;9;6;14;2;17;54;;;0.2
27.01.2023 18:00;10;7;17;2;19;49;;;0.2
27.01.2023 19:00;10;7;17;2;19;47;;;0.2
27.01.2023 20:00;10;7;15;2;17;48;;;0.3
27.01.2023 21:00;17;12;21;2;24;41;;;0.3
27.01.2023 22:00;14;11;14;2;16;46;;;0.3
27.01.2023 23:00;12;8;11;2;12;51;;;0.2
28.01.2023 00:00;13;9;15;2;16;43;;;0.3
28.01.2023 01:00;13;10;14;2;15;42;;;0.3
28.01.2023 02:00;13;10;15;2;17;38;;;0.3
28.01.2023 03:00;13;10;17;2;19;35;;;0.3
28.01.2023 04:00;12;9;16;2;19;36;;;0.4
28.01.2023 05:00;12;9;15;2;15;37;;;0.3
28.01.2023 06:00;12;8;12;2;12;48;;;0.2
28.01.2023 07:00;13;8;16;2;18;48;;;0.3
28.01.2023 08:00;15;10;16;2;18;48;;;0.3
28.01.2023 09:00;19;12;13;2;15;53;;;0.3
28.01.2023 10:00;17;12;12;2;14;59;;;0.3
28.01.2023 11:00;11;7;15;2;18;58;;;0.3
28.01.2023 12:00;9;5;10;2;12;65;;;0.3
28.01.2023 13:00;8;5;9;2;11;66;;;0.2
28.01.2023 14:00;14;7;34;19;63;43;;;0.4
28.01.2023 15:00;15;8;37;20;67;40;;;0.4
28.01.2023 16:00;13;7;32;14;52;44;;;0.3
28.01.2023 17:00;11;7;32;12;51;43;;;0.3
28.01.2023 18:00;14;8;36;17;63;38;;;0.4
28.01.2023 19:00;12;8;24;9;37;48;;;0.3
28.01.2023 20:00;15;9;31;16;55;42;;;0.3
28.01.2023 21:00;16;10;31;18;59;39;;;0.4
28.01.2023 22:00;16;10;29;15;51;39;;;0.3
28.01.2023 23:00;18;12;25;8;38;41;;;0.3
29.01.2023 00:00;19;13;24;6;33;41;;;0.3
29.01.2023 01:00;21;15;23;3;29;37;;;0.3
29.01.2023 02:00;21;17;21;2;24;36;;;0.3
29.01.2023 03:00;23;18;19;2;22;38;;;0.3
29.01.2023 04:00;24;19;17;2;20;38;;;0.2
29.01.2023 05:00;24;19;17;2;19;37;;;0.2
29.01.2023 06:00;23;18;16;2;19;37;;;0.2
29.01.2023 07:00;24;19;17;3;22;35;;;0.3
29.01.2023 08:00;24;19;18;2;21;35;;;0.3
29.01.2023 09:00;26;20;18;3;23;34;;;0.3
29.01.2023 10:00;26;21;20;4;26;32;;;0.3
29.01.2023 11:00;25;20;21;6;30;33;;;0.3
29.01.2023 12:00;22;18;21;9;35;38;;;0.3
29.01.2023 13:00;21;17;21;9;34;40;;;0.3
29.01.2023 14:00;21;16;20;7;30;43;;;0.3
29.01.2023 15:00;22;16;23;10;38;40;;;0.3
29.01.2023 16:00;21;17;21;8;33;40;;;0.4
29.01.2023 17:00;22;18;24;7;34;36;;;0.3
29.01.2023 18:00;23;19;23;6;33;38;;;0.3
29.01.2023 19:00;24;20;21;4;27;37;;;0.3
29.01.2023 20:00;22;18;17;3;23;43;;;0.3
29.01.2023 21:00;21;17;15;2;20;47;;;0.3
29.01.2023 22:00;19;15;16;3;21;46;;;0.2
29.01.2023 23:00;18;15;16;2;19;44;;;0.2
30.01.2023 00:00;18;15;14;2;17;46;;;0.2
30.01.2023 01:00;17;14;12;2;16;47;;;0.2
30.01.2023 02:00;18;15;10;2;13;48;;;0.2
30.01.2023 03:00;19;16;11;2;12;45;;;0.2
30.01.2023 04:00;20;17;10;2;12;45;;;0.2
30.01.2023 05:00;21;17;13;2;15;41;;;0.2
30.01.2023 06:00;20;17;14;2;17;40;;;0.3
30.01.2023 07:00;20;16;21;8;33;35;;;0.2
30.01.2023 08:00;19;16;24;6;34;30;;;0.3
30.01.2023 09:00;16;12;27;16;51;28;;;0.3
30.01.2023 10:00;12;9;28;19;56;29;;;0.3
30.01.2023 11:00;11;8;40;34;92;24;;;0.3
30.01.2023 12:00;10;7;37;28;81;37;;;0.3
30.01.2023 13:00;14;8;41;27;83;42;;;0.3
30.01.2023 14:00;11;7;35;24;71;47;;;0.3
30.01.2023 15:00;11;7;39;23;74;43;;;0.3
30.01.2023 16:00;8;6;37;28;80;44;;;0.3
30.01.2023 17:00;7;5;34;25;72;45;;;0.3
30.01.2023 18:00;9;7;34;23;69;47;;;0.3
30.01.2023 19:00;10;7;25;13;45;51;;;0.3
30.01.2023 20:00;13;9;17;6;27;57;;;0.2
30.01.2023 21:00;15;10;12;4;18;62;;;0.2
30.01.2023 22:00;15;10;11;3;16;62;;;0.2
30.01.2023 23:00;14;9;9;3;15;65;;;0.2
31.01.2023 00:00;13;9;8;2;11;65;;;0.2
31.01.2023 01:00;14;9;8;2;10;65;;;0.2
31.01.2023 02:00;14;9;8;2;9;64;;;0.2
31.01.2023 03:00;13;8;9;2;11;65;;;0.2
31.01.2023 04:00;12;7;7;2;8;67;;;0.2
31.01.2023 05:00;12;7;10;2;13;62;;;0.2
31.01.2023 06:00;12;8;23;10;38;49;;;0.2
31.01.2023 07:00;12;8;49;34;102;29;;;0.3
31.01.2023 08:00;14;9;45;29;89;31;;;0.3
31.01.2023 09:00;13;8;48;30;94;28;;;0.3
31.01.2023 10:00;13;8;50;32;98;26;;;0.4
31.01.2023 11:00;16;10;36;23;71;34;;;0.3
31.01.2023 12:00;17;11;25;14;46;41;;;0.3
31.01.2023 13:00;16;11;22;10;37;42;;;0.3
31.01.2023 14:00;17;12;24;9;38;38;;;0.3
31.01.2023 15:00;15;11;25;11;42;37;;;0.3
31.01.2023 16:00;11;9;29;17;54;35;;;0.3
31.01.2023 17:00;11;9;34;18;62;32;;;0.4
31.01.2023 18:00;14;11;32;18;60;32;;;0.4
31.01.2023 19:00;16;13;32;19;60;32;;;0.4
31.01.2023 20:00;16;13;28;11;45;34;;;0.3
31.01.2023 21:00;10;8;17;5;25;55;;;0.2
31.01.2023 22:00;10;7;17;4;23;59;;;0.2
31.01.2023 23:00;11;8;18;6;27;57;;;0.2
01.02.2023 00:00;8;6;18;6;27;59;;;0.2